Workbook

Sheet 概要
B2: 1. 出展希望日及び時間帯
B3: →２日間のフル出展
B5: 2. 出展内容
B6: →
B7: ・（両 者）共同ワークショップ→木工ワークショップ
B8: ・（松森様）木工品の展示販売
B9: ・（新田様）木製玩具のプレイスペース（おもちゃのひろば）
B11: 3. 使用したい面積（㎡）
B12: ・（両 者）木工ワークショップ → 4〜5㎡くらい？
B13: ・（松森様）木工品の展示販売 → 4〜5㎡
B14: ・（新田様）木製玩具のプレイスペース → 2～3㎡
B16: 4. 火気の使用の有無
... B20: →無し

Sheet 検討内容
A1: ※敬称略 | B1: 20241031の打合せを受けて更新 | D1: 〇
A2: ブース | B2: 松森木工所 | C2: 新田 | D2: 共同 | E2: 共同ブース詳細 | F2: 共同ブースでやってみたいこと | G2: その他のアイデア
A3: 担当 | B3: 松森 | C3: 新田 | F3: レーザー加工機？ | G3: アンケートを掲示し、シールで回答
A4: 内容 | B4: 木工品の展示販売 | C4: 木製おもちゃの展示・体験 | D4: 木育ワークショップ | F4: スマホスタンドの研磨・オイル塗装 | G4: 入場を時間で区切る
A5: 対象 | C5: 未就学児とその保護者 | D5: 幼児～小学生以上 | F5: さんさコインの色付け？
A6: テーマ | C6: 木のおもちゃの魅力に触れる | D6: 木に出会う | F6: 端材のやすりがけ体験
A7: ゴール | C7: 木のおもちゃが欲しいと思ってもらう | D7: クイズ等で知識を深めつつ、加工前の木材と、加工後の製品に触れることで、木工技術や木工品への関心を高める | F7: 樹種ごとの木材の展示
A8: 内容 | B8: 幼児向けの椅子・テーブルセットの展示・販売 | D8: ①モザイクブロック遊び | E8: 無料：入口付近 最大4名 | F8: 枝の輪切りのマグネット
A9: 必要なもの | C9: おもちゃ、マット、テーブル、除菌ティッシュ、 | D9: ②木片スタンプでポーチ作り | E9: 500円：中央 最大2名 | F9: ↑スタンプを押してもらうのも良さそう
D10: ③ZooCoinの足跡スタンプ | E10: 500円：中央 最大2名 | F10: ロゴマークのスタンプ
D11: ④スマホスタンドの研磨・組立 | E11: 1980円：奥 最大2名 | F11: 木片のモザイクタイル
A12: アンケート
A13: （まずは知りたいことをリストアップ）
A14: 松森 | B14: 新田 | C14: 阿部 | D14: クイズ
B15: 定期便でのおもちゃ購入はアリか | D15: 樹種当て | E15: →④で書籍や丸太を参考に実施
B16: おもちゃに何を求めるのか | D16: どの木が水に浮くか | E16: なし
B17: おもちゃ購入に掛ける予算 | D17: 音比べ | E17: →④丸太やスマホスタンドで実施
B18: 木のおもちゃで魅力に感じるところ | D18: 暖かさ比べ | E18: →④丸太やスマホスタンドで実施
B19: 木のおもちゃで欠点に感じるところ | E19: →金属やプラスチックなど、他の素材と比べられるとも比べられるといいか？
B20: 最近買ったおもちゃ

Sheet 新田アンケート
B1: とうめいしっぽブース
A2: ご来場者さまアンケート
B4: この度は当ブースにお立ち寄りいただきありがとうございます。
B5: こちらでは「盛岡の森から木のおもちゃを作る」プロジェクトをしています。
B6: 今後の事業に活かすため、ぜひともあなたのご意見をお聞かせください。
A8: 1 | B8: お住まいの地域は？ | H8: （〇で囲んでください）
B9: 盛岡市内 ／ 盛岡市外
A11: 2 | B11: ご回答者さまのご年代は？ | H11: （〇で囲んでください）
B12: ～10代 ／ 20代 ／ 30代 ／ 40代 ／ 50代 ／ 60代～
A14: 3 | B14: お子さん(第一子)のご年代は？ | H14: （〇で囲んでください）
B15: 子どもなし ／ 0～2才 ／ 3～6才（未就学） ／ 小学生 ／ 中学生～
A17: 4 | B17: この一年間、お近くの森林公園や里山にどのくらい出かけましたか？
B18: （盛岡近辺ならZOOMO（本日除く）、つどいの森、滝沢森林公園など）
B19: 行っていない ／ 1回 ／ 2～5回 ／ 6回～ | H19: （〇で囲んでください）
A21: 5 | B21: 木製のおもちゃを購入したことはありますか？ | H21: （〇で囲んでください）
B22: ある ／ まだないが欲しいと思っている ／ 購入予定はない
B24: 「ある」と答えた方へ
B25: （1）そのおもちゃにどのくらい満足されましたか？ | H25: （〇で囲んでください）
B26: （複数ある方は最も気に入っているものについて教えてください）
B27: かなり満足／そこそこ満足／ふつう／あまり満足していない／全然満足していない
A29: 6 | B29: お手持ちのおもちゃに不満を挙げるとしたら、どのようなことがありますか？
H30: （自由にご記入ください）
A32: 8 | B32: どんなときに、「おもちゃを買ってよかった」と思いますか？
H33: （自由にご記入ください）
E34: ご協力いただき、誠にありがとうございました。
B36: ご協力いただき、誠にありがとうございました。
A37: (2) | B37: そのおもちゃのどのような点を気に入っていますか？
H38: （自由にご記入ください）
A41: 5 | B41: お子さんとの遊びをどう感じていますか？（ゲーム・スポーツ含む）
H42: （〇で囲んでください）
B43: 子どもと遊ぶのはいつも楽しい／ | E43: 楽しいときが多いが、面倒なときもある
B44: 正直あまり気が進まない ／ | E44: ほとんど一緒に遊ばない・遊ばなくなった

Sheet ローデータ
A1: 番号 | B1: 地域 | C1: 年代 | D1: 子年代 | E1: 森林利用 | F1: 木玩具購入 | G1: 満足度 | H1: 不満 | K1: 購入利点
A2: 1 | B2: 2 | C2: 3 | D2: 5 | E2: 3 | F2: 1 | G2: 1 | H2: 特になし | I2: 0 | J2: 0 | K2: 子どもが楽しそうに遊んでいるとき | L2: 長く遊べているとき
A3: 2 | B3: 1 | C3: 2 | D3: 3 | E3: 1 | F3: 1 | G3: 2 | H3: 0 | I3: 0 | J3: 0 | K3: 子どもがおもちゃを使って楽しそうにしているとき | L3: 0
A4: 3 | B4: 1 | C4: 3 | D4: 3 | E4: 3 | F4: 1 | G4: 2 | H4: 0 | I4: 0 | J4: 0 | K4: 長く遊んでくれた時 | L4: 0
A5: 4 | B5: 1 | C5: 3 | D5: 3 | E5: 3 | F5: 1 | G5: 2 | H5: 色味がハデすぎる | I5: 安いとギザギザで手元が危ない | J5: さわり心地が悪い | K5: 子が自分自身であそび方を工夫したり、違うつかい方を見つけたとき | L5: 0
A6: 5 | B6: 1 | C6: 2 | D6: 3 | E6: 1 | F6: 1 | G6: 1 | H6: 転がすだけ、など遊び方が一種類 | I6: 0 | J6: 0 | K6: 子どものできた！や新たな発見をしたとき | L6: 0
A7: 6 | B7: 1 | C7: 3 | D7: 4 | E7: 3 | F7: 1 | G7: 1 | H7: 0 | I7: 0 | J7: 0 | K7: 肌触り、質感、あたたかみがあっていい | L7: 0
A8: 7 | B8: 1 | C8: 4 | D8: 3 | E8: 1 | F8: 1 | G8: 1 | H8: 木製は少し重いので、赤ちゃんのときは難しかったです | I8: 0 | J8: 0 | K8: 長く遊んでくれるのでよかったです | L8: 0
A9: 8 | B9: 2 | C9: 3 | D9: 3 | E9: 3 | F9: 1 | G9: 2 | H9: 重い | I9: 0 | J9: 0 | K9: お友達といっしょに楽しんでくれているとき | L9: 0
A10: 9 | B10: 1 | C10: 3 | D10: 4 | E10: 3 | F10: 1 | G10: 2 | H10: 木のつみきが重かった | I10: 0 | J10: 0 | K10: 子どもがずっとあそんでいる時 | L10: 0
A11: 10 | B11: 1 | C11: 3 | D11: 4 | E11: 1 | F11: 1 | G11: 2 | H11: 0 | I11: 0 | J11: 0 | K11: 子どもが長く遊んでいるとき | L11: 0
A12: 11 | B12: 2 | C12: 4 | D12: 4 | E12: 1 | F12: 1 | G12: 2 | H12: 0 | I12: 0 | J12: 0 | K12: 0 | L12: 0
A13: 12 | B13: 2 | C13: 3 | D13: 4 | E13: 4 | F13: 1 | G13: 1 | H13: あまりありません | I13: 0 | J13: 0 | K13: おもちゃ同士のぶつかった時の音がやさしい | L13: ずっと取っておいて、孫ができたら遊んでほしい
A14: 13 | B14: 2 | C14: 3 | D14: 3 | E14: 4 | F14: 1 | G14: 1 | H14: １パーツなくなってしまったとき(１パーツのみ売っていない) | I14: 0 | J14: 0 | K14: 子供がはしゃいで遊んでいる姿を見たとき | L14: 一緒に遊べたとき
A15: 14 | B15: 1 | C15: 3 | D15: 3 | E15: 3 | F15: 1 | G15: 1 | H15: 0 | I15: 0 | J15: 0 | K15: むちゅうで遊んでる時 | L15: 0
A16: 15 | B16: 1 | C16: 4 | D16: 5 | E16: 3 | F16: 2 | G16: 0 | H16: 電池が必要なこと | I16: 0 | J16: 0 | K16: 子どもが喜んでいるとき | L16: 0
A17: 16 | B17: 2 | C17: 3 | D17: 2 | E17: 2 | F17: 2 | G17: 0 | H17: 0 | I17: 0 | J17: 0 | K17: 0 | L17: 0
A18: 17 | B18: 1 | C18: 3 | D18: 4 | E18: 4 | F18: 1 | G18: 1 | H18: 今のところ不満はない | I18: 0 | J18: 0 | K18: 子どもが楽しそうに遊んでいたとき | L18: 0
A19: 18 | B19: 1 | C19: 3 | D19: 4 | E19: 3 | F19: 1 | G19: 2 | H19: スペースをとること | I19: 床が傷つくこと | J19: 0 | K19: 楽しそうに遊んでいる様子を見た時 | L19: 集中力が養われていると感じる時
A20: 19 | B20: 1 | C20: 4 | D20: 4 | E20: 2 | F20: 1 | G20: 2 | H20: あきやすい | I20: 0 | J20: 0 | K20: 家族であそべる時 | L20: 0
A21: 20 | B21: 1 | C21: 4 | D21: 4 | E21: 3 | F21: 1 | G21: 0 | H21: 使わなくなったおもちゃの処分に困る | I21: 0 | J21: 0 | K21: 子供がずっと長く大切に遊んでくれるとうれしいです | L21: 0
A22: 21 | B22: 1 | C22: 4 | D22: 4 | E22: 1 | F22: 2 | G22: 0 | H22: すぐあきる | I22: 大きくなると遊ばなくなる | J22: 0 | K22: 何年も使い続けてる時 | L22: 0
A23: 22 | B23: 1 | C23: 3 | D23: 4 | E23: 3 | F23: 1 | G23: 2 | H23: こわれた後のしまつ | I23: 0 | J23: 0 | K23: こどもがたくさんあそんでくれている時 | L23: 0
A24: 23 | B24: 1 | C24: 3 | D24: 4 | E24: 1 | F24: 1 | G24: 1 | H24: すぐ飽きてしまう | I24: 遊びの時期が過ぎてしまうと。もう遊ぶことはないこと | J24: 0 | K24: 子どもが長く楽しく遊んでくれているとき | L24: 0
A25: 24 | B25: 2 | C25: 4 | D25: 3 | E25: 4 | F25: 1 | G25: 3 | H25: あきてしまう | I25: 0 | J25: 0 | K25: 熱中している時 | L25: 0
A26: 25 | B26: 2 | C26: 3 | D26: 4 | E26: 1 | F26: 3 | G26: 0 | H26: 0 | I26: 0 | J26: 0 | K26: 頭を使うおもちゃ | L26: できることが増えたとき
A27: 26 | B27: 1 | C27: 4 | D27: 4 | E27: 2 | F27: 2 | G27: 0 | H27: こわれること | I27: 0 | J27: 0 | K27: 子供から一緒にあそぼうといわれたとき | L27: 0
A28: 27 | B28: 1 | C28: 4 | D28: 4 | E28: 3 | F28: 1 | G28: 1 | H28: 収納が大変 | I28: 0 | J28: 0 | K28: なかよく遊んでいるのを見た時 | L28: 0
A29: 28 | B29: 2 | C29: 3 | D29: 3 | E29: 4 | F29: 3 | G29: 0 | H29: 割れる | I29: ちらかる | J29: 0 | K29: 我が子の笑顔 | L29: 0
A30: 29 | B30: 2 | C30: 4 | D30: 4 | E30: 3 | F30: 1 | G30: 1 | H30: 子どもの年齢が上がり、もう遊ばなくなった際の処分に悩みます | I30: 0 | J30: 0 | K30: 子どもが気に入り、工夫しながら長く遊べている時 | L30: 0
A31: 30 | B31: 1 | C31: 3 | D31: 3 | E31: 3 | F31: 1 | G31: 2 | H31: 収納 | I31: かさばる | J31: 価格が高い | K31: 子供と一緒に遊んでるとき | L31: 0

Sheet 自由記述まとめ
B1: 収納・管理 | C1: あきる | D1: デザイン | E1: 安全性 | F1: その他
B2: 収納 | C2: 転がすだけ、など遊び方が一種類 | D2: 色味がハデすぎる | E2: 安いとギザギザで手元が危ない | F2: 今のところ不満はない
B3: 収納が大変 | C3: 大きくなると遊ばなくなる | D3: さわり心地が悪い | E3: こわれること | F3: あまりありません
B4: かさばる | C4: あきやすい | D4: 木製は少し重いので、赤ちゃんのときは難しかったです | E4: 割れる | F4: 価格が高い
B5: スペースをとること | C5: すぐあきる | D5: 重い | E5: 床が傷つくこと
B6: ちらかる | C6: 遊びの時期が過ぎてしまうと、もう遊ぶことはないこと | D6: 木のつみきが重かった
B7: こわれた後のしまつ | C7: すぐ飽きてしまう | D7: 電池が必要なこと
B8: 使わなくなったおもちゃの処分に困る | C8: あきてしまう | D8: １パーツなくなってしまったとき(１パーツのみ売っていない)
B9: 子どもの年齢が上がり、もう遊ばなくなった際の処分に悩みます
B11: 長く使える | C11: 楽しい | D11: 交流になる | E11: 成長を感じる | F11: その他
B12: 長く遊んでくれた時 | C12: 子どもが楽しそうに遊んでいるとき | D12: 一緒に遊べたとき | E12: できることが増えたとき | F12: 肌触り、質感、あたたかみがあっていい
B13: 子供がずっと長く大切に遊んでくれるとうれしいです | C13: 子どもがおもちゃを使って楽しそうにしているとき | D13: 家族であそべる時 | E13: 子どものできた！や新たな発見をしたとき | F13: おもちゃ同士のぶつかった時の音がやさしい
B14: 長く遊んでくれるのでよかったです | C14: 子供がはしゃいで遊んでいる姿を見たとき | D14: 子供から一緒にあそぼうといわれたとき | E14: 集中力が養われていると感じる時 | F14: 頭を使うおもちゃ
B15: 子どもがずっとあそんでいる時 | C15: 子どもが楽しそうに遊んでいたとき | D15: お友達といっしょに楽しんでくれているとき | E15: 子が自分自身であそび方を工夫したり、違うつかい方を見つけたとき
B16: 子どもが長く遊んでいるとき | C16: 子どもが喜んでいるとき | D16: 子供と一緒に遊んでるとき
B17: こどもがたくさんあそんでくれている時 | C17: 楽しそうに遊んでいる様子を見た時 | D17: なかよく遊んでいるのを見た時
B18: 子どもが長く楽しく遊んでくれているとき | C18: 熱中している時
B19: 長く遊べているとき | C19: むちゅうで遊んでる時
B20: 子どもが気に入り、工夫しながら長く遊べている時 | C20: 我が子の笑顔
B21: ずっと取っておいて、孫ができたら遊んでほしい
B22: 何年も使い続けてる時

Sheet 単純集計表
A1: 属性 | B1: 前提 | C1: とうめいしっぽのブースを利用した家族の親（主に母親）
A3: 地域 | B3: 全体 | C3: 盛岡市内 | D3: 盛岡市外
B4: 30 | C4: =COUNTIF(ローデータ!B2:B31,1) -> 20 | D4: =COUNTIF(ローデータ!B2:B31,2) -> 10
A6: 年代 | B6: 全体 | C6: ～10代 | D6: 20代 | E6: 30代 | F6: 40代 | G6: 50代 | H6: 60代～
B7: 30 | C7: =COUNTIF(ローデータ!$C$2:$C$31,1) -> 0 | D7: =COUNTIF(ローデータ!$C$2:$C$31,2) -> 2 | E7: =COUNTIF(ローデータ!$C$2:$C$31,3) -> 18 | F7: =COUNTIF(ローデータ!$C$2:$C$31,4) -> 10 | G7: =COUNTIF(ローデータ!$C$2:$C$31,5) -> 0 | H7: =COUNTIF(ローデータ!$C$2:$C$31,6) -> 0 | I7: =SUM(B7:H7) -> 60
I8: =SUM(B8:H8) -> 0
A9: 子年代 | B9: 全体 | C9: 子どもなし | D9: 0～2才 | E9: 3～6才 | F9: 小学生 | G9: 中学生～ | I9: =SUM(B9:H9) -> 0
B10: 30 | C10: =COUNTIF(ローデータ!$D$2:$D$31,1) -> 0 | D10: =COUNTIF(ローデータ!$D$2:$D$31,2) -> 1 | E10: =COUNTIF(ローデータ!$D$2:$D$31,3) -> 11 | F10: =COUNTIF(ローデータ!$D$2:$D$31,4) -> 16 | G10: =COUNTIF(ローデータ!$D$2:$D$31,5) -> 2 | I10: =SUM(B10:H10) -> 60
I11: =SUM(B11:H11) -> 0
A12: 森林利用 | B12: 全体 | C12: 行っていない | D12: 1回 | E12: 2～5回 | F12: 6回～ | I12: =SUM(B12:H12) -> 0
B13: 30 | C13: =COUNTIF(ローデータ!$E$2:$E$31,1) -> 8 | D13: =COUNTIF(ローデータ!$E$2:$E$31,2) -> 3 | E13: =COUNTIF(ローデータ!$E$2:$E$31,3) -> 14 | F13: =COUNTIF(ローデータ!$E$2:$E$31,4) -> 5 | I13: =SUM(B13:H13) -> 60
I14: =SUM(B14:H14) -> 0
A15: 木玩具購入 | B15: 全体 | C15: ある | D15: まだないが欲しい | E15: 購入予定なし | I15: =SUM(B15:H15) -> 0
B16: 30 | C16: =COUNTIF(ローデータ!$F$2:$F$31,1) -> 24 | D16: =COUNTIF(ローデータ!$F$2:$F$31,2) -> 4 | E16: =COUNTIF(ローデータ!$F$2:$F$31,3) -> 2 | I16: =SUM(B16:H16) -> 60
I17: =SUM(B17:H17) -> 0
A18: 満足度 | B18: 全体 | C18: かなり満足 | D18: そこそこ満足 | E18: ふつう | F18: あまり満足していない | G18: 全然満足していない | I18: =SUM(B18:H18) -> 0
B19: 30 | C19: =COUNTIF(ローデータ!$G$2:$G$31,1) -> 11 | D19: =COUNTIF(ローデータ!$G$2:$G$31,2) -> 11 | E19: =COUNTIF(ローデータ!$G$2:$G$31,3) -> 1 | F19: =COUNTIF(ローデータ!$G$2:$G$31,4) -> 0 | G19: =COUNTIF(ローデータ!$G$2:$G$31,5) -> 0 | H19: =COUNTIF(ローデータ!$G$2:$G$31,6) -> 0 | I19: =SUM(B19:H19) -> 53
A21: 不満
A23: 購入利点
